DRG,Average Charge
100 SEIZURES W MCC MS,"$62,835"
101 SEIZURES W/O MCC MS,"$25,579"
102 HEADACHES W MCC MS,"$13,105"
103 HEADACHES W/O MCC MS,"$33,955"
"11 TRACHEOSTOMY FOR FACE, MOUTH & NECK DIAGNOSES OR LARYNGECTOMY W MCC MS","$148,991"
113 ORBITAL PROCEDURES W CC/MCC MS,"$67,570"
114 ORBITAL PROCEDURES W/O CC/MCC MS,"$30,320"
122 ACUTE MAJOR EYE INFECTIONS W/O CC/MCC MS,"$15,082"
123 NEUROLOGICAL EYE DISORDERS MS,"$34,144"
124 OTHER DISORDERS OF THE EYE W MCC MS,"$36,362"
125 OTHER DISORDERS OF THE EYE W/O MCC MS,"$32,291"
"133 OTHER EAR, NOSE, MOUTH & THROAT O.R. PROCEDURES W CC/MCC MS","$41,733"
"134 OTHER EAR, NOSE, MOUTH & THROAT O.R. PROCEDURES W/O CC/MCC MS","$16,613"
137 MOUTH PROCEDURES W CC/MCC MS,"$29,087"
138 MOUTH PROCEDURES W/O CC/MCC MS,"$19,000"
139 SALIVARY GLAND PROCEDURES MS,"$74,729"
"146 EAR, NOSE, MOUTH & THROAT MALIGNANCY W MCC MS","$61,042"
"147 EAR, NOSE, MOUTH & THROAT MALIGNANCY W CC MS","$8,392"
149 DYSEQUILIBRIUM MS,"$25,400"
151 EPISTAXIS W/O MCC MS,"$18,983"
152 OTITIS MEDIA & URI W MCC MS,"$23,668"
153 OTITIS MEDIA & URI W/O MCC MS,"$17,632"
"154 OTHER EAR, NOSE, MOUTH & THROAT DIAGNOSES W MCC MS","$24,898"
"155 OTHER EAR, NOSE, MOUTH & THROAT DIAGNOSES W CC MS","$24,114"
"156 OTHER EAR, NOSE, MOUTH & THROAT DIAGNOSES W/O CC/MCC MS","$21,731"
157 DENTAL & ORAL DISEASES W MCC MS,"$47,306"
158 DENTAL & ORAL DISEASES W CC MS,"$20,658"
159 DENTAL & ORAL DISEASES W/O CC/MCC MS,"$15,023"
163 MAJOR CHEST PROCEDURES W MCC MS,"$151,930"
164 MAJOR CHEST PROCEDURES W CC MS,"$87,328"
165 MAJOR CHEST PROCEDURES W/O CC/MCC MS,"$63,566"
166 OTHER RESP SYSTEM O.R. PROCEDURES W MCC MS,"$100,354"
167 OTHER RESP SYSTEM O.R. PROCEDURES W CC MS,"$64,888"
168 OTHER RESP SYSTEM O.R. PROCEDURES W/O CC/MCC MS,"$55,076"
175 PULMONARY EMBOLISM W MCC MS,"$39,454"
176 PULMONARY EMBOLISM W/O MCC MS,"$30,645"
177 RESPIRATORY INFECTIONS & INFLAMMATIONS W MCC MS,"$34,031"
178 RESPIRATORY INFECTIONS & INFLAMMATIONS W CC MS,"$30,709"
179 RESPIRATORY INFECTIONS & INFLAMMATIONS W/O CC/MCC MS,"$17,270"
180 RESPIRATORY NEOPLASMS W MCC MS,"$48,254"
181 RESPIRATORY NEOPLASMS W CC MS,"$38,752"
182 RESPIRATORY NEOPLASMS W/O CC/MCC MS,"$3,897"
183 MAJOR CHEST TRAUMA W MCC MS,"$37,235"
184 MAJOR CHEST TRAUMA W CC MS,"$33,488"
185 MAJOR CHEST TRAUMA W/O CC/MCC MS,"$22,924"
186 PLEURAL EFFUSION W MCC MS,"$48,039"
187 PLEURAL EFFUSION W CC MS,"$26,651"
189 PULMONARY EDEMA & RESPIRATORY FAILURE MS,"$32,786"
190 CHRONIC OBSTRUCTIVE PULMONARY DISEASE W MCC MS,"$24,412"
191 CHRONIC OBSTRUCTIVE PULMONARY DISEASE W CC MS,"$22,592"
192 CHRONIC OBSTRUCTIVE PULMONARY DISEASE W/O CC/MCC MS,"$18,530"
193 SIMPLE PNEUMONIA & PLEURISY W MCC MS,"$27,804"
194 SIMPLE PNEUMONIA & PLEURISY W CC MS,"$20,202"
195 SIMPLE PNEUMONIA & PLEURISY W/O CC/MCC MS,"$15,127"
196 INTERSTITIAL LUNG DISEASE W MCC MS,"$48,141"
197 INTERSTITIAL LUNG DISEASE W CC MS,"$25,070"
199 PNEUMOTHORAX W MCC MS,"$44,604"
200 PNEUMOTHORAX W CC MS,"$37,040"
201 PNEUMOTHORAX W/O CC/MCC MS,"$17,341"
202 BRONCHITIS & ASTHMA W CC/MCC MS,"$20,337"
203 BRONCHITIS & ASTHMA W/O CC/MCC MS,"$12,531"
204 RESPIRATORY SIGNS & SYMPTOMS MS,"$33,545"
205 OTHER RESPIRATORY SYSTEM DIAGNOSES W MCC MS,"$32,095"
206 OTHER RESPIRATORY SYSTEM DIAGNOSES W/O MCC MS,"$24,882"
207 RESPIRATORY SYSTEM DIAGNOSIS W VENTILATOR SUPPORT >96 HOURS OR PERIPHERAL EX,"$192,224"
208 RESPIRATORY SYSTEM DIAGNOSIS W VENTILATOR SUPPORT <=96 HOURS MS,"$88,545"
215 OTHER HEART ASSIST SYSTEM IMPLANT MS,"$303,968"
217 CARDIAC VALVE & OTH MAJ CARDIOTHORACIC PROC W CARD CATH W CC MS,"$273,693"
219 CARDIAC VALVE & OTH MAJ CARDIOTHORACIC PROC W/O CARD CATH W MCC MS,"$172,646"
220 CARDIAC VALVE & OTH MAJ CARDIOTHORACIC PROC W/O CARD CATH W CC MS,"$224,312"
221 CARDIAC VALVE & OTH MAJ CARDIOTHORACIC PROC W/O CARD CATH W/O CC/MCC MS,"$176,312"
222 CARDIAC DEFIB IMPLANT W CARDIAC CATH W AMI/HF/SHOCK W MCC MS,"$205,033"
224 CARDIAC DEFIB IMPLANT W CARDIAC CATH W/O AMI/HF/SHOCK W MCC MS,"$315,199"
225 CARDIAC DEFIB IMPLANT W CARDIAC CATH W/O AMI/HF/SHOCK W/O MCC MS,"$212,997"
226 CARDIAC DEFIBRILLATOR IMPLANT W/O CARDIAC CATH W MCC MS,"$221,170"
227 CARDIAC DEFIBRILLATOR IMPLANT W/O CARDIAC CATH W/O MCC MS,"$206,432"
228 OTHER CARDIOTHORACIC PROCEDURES W MCC MS,"$137,131"
229 OTHER CARDIOTHORACIC PROCEDURES W/O MCC MS,"$113,175"
23 CRANIOTOMY W MAJOR DEVICE IMPLANT OR ACUTE COMPLEX CNS PDX W MCC OR CHEMOTHER,"$128,185"
233 CORONARY BYPASS W CARDIAC CATH W MCC MS,"$253,617"
234 CORONARY BYPASS W CARDIAC CATH W/O MCC MS,"$226,484"
235 CORONARY BYPASS W/O CARDIAC CATH W MCC MS,"$614,277"
236 CORONARY BYPASS W/O CARDIAC CATH W/O MCC MS,"$154,130"
239 AMPUTATION FOR CIRC SYS DISORDERS EXC UPPER LIMB & TOE W MCC MS,"$111,416"
240 AMPUTATION FOR CIRC SYS DISORDERS EXC UPPER LIMB & TOE W CC MS,"$149,146"
241 AMPUTATION FOR CIRC SYS DISORDERS EXC UPPER LIMB & TOE W/O CC/MCC MS,"$30,456"
242 PERMANENT CARDIAC PACEMAKER IMPLANT W MCC MS,"$116,057"
243 PERMANENT CARDIAC PACEMAKER IMPLANT W CC MS,"$99,154"
244 PERMANENT CARDIAC PACEMAKER IMPLANT W/O CC/MCC MS,"$78,620"
245 AICD GENERATOR PROCEDURES MS,"$243,508"
246 PERCUTANEOUS CARDIOVASCULAR PROCEDURES W DRUG-ELUTING STENT W MCC OR 4+ ARTE,"$143,629"
247 PERC CARDIOVASC PROC W DRUG-ELUTING STENT W/O MCC MS,"$98,300"
248 PERCUTANEOUS CARDIOVASCULAR PROCEDURES W NON-DRUG-ELUTING STENT W MCC OR 4+,"$127,469"
249 PERC CARDIOVASC PROC W NON-DRUG-ELUTING STENT W/O MCC MS,"$71,577"
25 CRANIOTOMY & ENDOVASCULAR INTRACRANIAL PROCEDURES W MCC MS,"$145,937"
250 PERC CARDIOVASC PROC W/O CORONARY ARTERY STENT W MCC MS,"$90,475"
251 PERC CARDIOVASC PROC W/O CORONARY ARTERY STENT W/O MCC MS,"$64,383"
252 OTHER VASCULAR PROCEDURES W MCC MS,"$179,972"
253 OTHER VASCULAR PROCEDURES W CC MS,"$89,054"
254 OTHER VASCULAR PROCEDURES W/O CC/MCC MS,"$91,129"
255 UPPER LIMB & TOE AMPUTATION FOR CIRC SYSTEM DISORDERS W MCC MS,"$45,476"
256 UPPER LIMB & TOE AMPUTATION FOR CIRC SYSTEM DISORDERS W CC MS,"$51,049"
257 UPPER LIMB & TOE AMPUTATION FOR CIRC SYSTEM DISORDERS W/O CC/MCC MS,"$18,950"
26 CRANIOTOMY & ENDOVASCULAR INTRACRANIAL PROCEDURES W CC MS,"$77,657"
260 CARDIAC PACEMAKER REVISION EXCEPT DEVICE REPLACEMENT W MCC MS,"$101,114"
261 CARDIAC PACEMAKER REVISION EXCEPT DEVICE REPLACEMENT W CC MS,"$68,149"
262 CARDIAC PACEMAKER REVISION EXCEPT DEVICE REPLACEMENT W/O CC/MCC MS,"$36,069"
264 OTHER CIRCULATORY SYSTEM O.R. PROCEDURES MS,"$52,160"
266 ENDOVASCULAR CARDIAC VALVE REPLACEMENT W MCC MS,"$193,952"
267 ENDOVASCULAR CARDIAC VALVE REPLACEMENT W/O MCC MS,"$157,763"
268 AORTIC AND HEART ASSIST PROCEDURES EXCEPT PULSATION BALLOON W MCC MS,"$192,196"
269 AORTIC AND HEART ASSIST PROCEDURES EXCEPT PULSATION BALLOON W/O MCC MS,"$101,764"
27 CRANIOTOMY & ENDOVASCULAR INTRACRANIAL PROCEDURES W/O CC/MCC MS,"$93,489"
270 OTHER MAJOR CARDIOVASCULAR PROCEDURES W MCC MS,"$166,918"
271 OTHER MAJOR CARDIOVASCULAR PROCEDURES W CC MS,"$125,036"
272 OTHER MAJOR CARDIOVASCULAR PROCEDURES W/O CC/MCC MS,"$119,950"
273 PERCUTANEOUS INTRACARDIAC PROCEDURES W MCC MS,"$86,646"
274 PERCUTANEOUS INTRACARDIAC PROCEDURES W/O MCC MS,"$98,191"
28 SPINAL PROCEDURES W MCC MS,"$85,054"
"280 ACUTE MYOCARDIAL INFARCTION, DISCHARGED ALIVE W MCC MS","$40,925"
"281 ACUTE MYOCARDIAL INFARCTION, DISCHARGED ALIVE W CC MS","$39,475"
"282 ACUTE MYOCARDIAL INFARCTION, DISCHARGED ALIVE W/O CC/MCC MS","$44,108"
"283 ACUTE MYOCARDIAL INFARCTION, EXPIRED W MCC MS","$50,341"
"286 CIRCULATORY DISORDERS EXCEPT AMI, W CARD CATH W MCC MS","$73,477"
"287 CIRCULATORY DISORDERS EXCEPT AMI, W CARD CATH W/O MCC MS","$48,564"
288 ACUTE & SUBACUTE ENDOCARDITIS W MCC MS,"$54,530"
289 ACUTE & SUBACUTE ENDOCARDITIS W CC MS,"$68,421"
29 SPINAL PROCEDURES W CC OR SPINAL NEUROSTIMULATORS MS,"$138,188"
290 ACUTE & SUBACUTE ENDOCARDITIS W/O CC/MCC MS,"$3,150"
291 HEART FAILURE & SHOCK W MCC OR PERIPHERAL EXTRACORPOREAL MEMBRANE OXYGENATIO,"$31,133"
292 HEART FAILURE & SHOCK W CC MS,"$25,946"
293 HEART FAILURE & SHOCK W/O CC/MCC MS,"$19,172"
"296 CARDIAC ARREST, UNEXPLAINED W MCC OR PERIPHERAL EXTRACORPOREAL MEMBRANE OXYG","$85,834"
299 PERIPHERAL VASCULAR DISORDERS W MCC MS,"$34,566"
"3 ECMO OR TRACH W MV >96 HRS OR PDX EXC FACE, MOUTH & NECK W MAJ O.R. MS","$525,174"
30 SPINAL PROCEDURES W/O CC/MCC MS,"$68,729"
300 PERIPHERAL VASCULAR DISORDERS W CC MS,"$22,612"
301 PERIPHERAL VASCULAR DISORDERS W/O CC/MCC MS,"$16,301"
302 ATHEROSCLEROSIS W MCC MS,"$32,875"
303 ATHEROSCLEROSIS W/O MCC MS,"$33,184"
304 HYPERTENSION W MCC MS,"$28,865"
305 HYPERTENSION W/O MCC MS,"$18,318"
308 CARDIAC ARRHYTHMIA & CONDUCTION DISORDERS W MCC MS,"$31,672"
309 CARDIAC ARRHYTHMIA & CONDUCTION DISORDERS W CC MS,"$22,147"
310 CARDIAC ARRHYTHMIA & CONDUCTION DISORDERS W/O CC/MCC MS,"$18,789"
311 ANGINA PECTORIS MS,"$24,049"
312 SYNCOPE & COLLAPSE MS,"$26,335"
313 CHEST PAIN MS,"$17,439"
314 OTHER CIRCULATORY SYSTEM DIAGNOSES W MCC MS,"$49,814"
315 OTHER CIRCULATORY SYSTEM DIAGNOSES W CC MS,"$25,733"
316 OTHER CIRCULATORY SYSTEM DIAGNOSES W/O CC/MCC MS,"$52,307"
32 VENTRICULAR SHUNT PROCEDURES W CC MS,"$52,907"
"326 STOMACH, ESOPHAGEAL & DUODENAL PROC W MCC MS","$166,692"
"327 STOMACH, ESOPHAGEAL & DUODENAL PROC W CC MS","$69,231"
"328 STOMACH, ESOPHAGEAL & DUODENAL PROC W/O CC/MCC MS","$50,835"
329 MAJOR SMALL & LARGE BOWEL PROCEDURES W MCC MS,"$159,817"
33 VENTRICULAR SHUNT PROCEDURES W/O CC/MCC MS,"$46,401"
330 MAJOR SMALL & LARGE BOWEL PROCEDURES W CC MS,"$89,759"
331 MAJOR SMALL & LARGE BOWEL PROCEDURES W/O CC/MCC MS,"$53,474"
333 RECTAL RESECTION W CC MS,"$59,642"
334 RECTAL RESECTION W/O CC/MCC MS,"$38,900"
335 PERITONEAL ADHESIOLYSIS W MCC MS,"$56,922"
336 PERITONEAL ADHESIOLYSIS W CC MS,"$87,958"
337 PERITONEAL ADHESIOLYSIS W/O CC/MCC MS,"$39,751"
338 APPENDECTOMY W COMPLICATED PRINCIPAL DIAG W MCC MS,"$80,146"
339 APPENDECTOMY W COMPLICATED PRINCIPAL DIAG W CC MS,"$60,501"
340 APPENDECTOMY W COMPLICATED PRINCIPAL DIAG W/O CC/MCC MS,"$40,478"
341 APPENDECTOMY W/O COMPLICATED PRINCIPAL DIAG W MCC MS,"$66,920"
342 APPENDECTOMY W/O COMPLICATED PRINCIPAL DIAG W CC MS,"$37,323"
343 APPENDECTOMY W/O COMPLICATED PRINCIPAL DIAG W/O CC/MCC MS,"$29,383"
344 MINOR SMALL & LARGE BOWEL PROCEDURES W MCC MS,"$45,190"
345 MINOR SMALL & LARGE BOWEL PROCEDURES W CC MS,"$47,752"
346 MINOR SMALL & LARGE BOWEL PROCEDURES W/O CC/MCC MS,"$34,078"
347 ANAL & STOMAL PROCEDURES W MCC MS,"$83,828"
348 ANAL & STOMAL PROCEDURES W CC MS,"$22,432"
349 ANAL & STOMAL PROCEDURES W/O CC/MCC MS,"$32,890"
350 INGUINAL & FEMORAL HERNIA PROCEDURES W MCC MS,"$75,226"
351 INGUINAL & FEMORAL HERNIA PROCEDURES W CC MS,"$57,352"
352 INGUINAL & FEMORAL HERNIA PROCEDURES W/O CC/MCC MS,"$43,300"
353 HERNIA PROCEDURES EXCEPT INGUINAL & FEMORAL W MCC MS,"$90,150"
354 HERNIA PROCEDURES EXCEPT INGUINAL & FEMORAL W CC MS,"$68,473"
355 HERNIA PROCEDURES EXCEPT INGUINAL & FEMORAL W/O CC/MCC MS,"$44,179"
356 OTHER DIGESTIVE SYSTEM O.R. PROCEDURES W MCC MS,"$153,308"
357 OTHER DIGESTIVE SYSTEM O.R. PROCEDURES W CC MS,"$80,962"
358 OTHER DIGESTIVE SYSTEM O.R. PROCEDURES W/O CC/MCC MS,"$35,968"
36 CAROTID ARTERY STENT PROCEDURE W/O CC/MCC MS,"$53,091"
368 MAJOR ESOPHAGEAL DISORDERS W MCC MS,"$57,035"
369 MAJOR ESOPHAGEAL DISORDERS W CC MS,"$33,069"
37 EXTRACRANIAL PROCEDURES W MCC MS,"$75,049"
370 MAJOR ESOPHAGEAL DISORDERS W/O CC/MCC MS,"$16,469"
371 MAJOR GASTROINTESTINAL DISORDERS & PERITONEAL INFECTIONS W MCC MS,"$50,652"
372 MAJOR GASTROINTESTINAL DISORDERS & PERITONEAL INFECTIONS W CC MS,"$26,248"
373 MAJOR GASTROINTESTINAL DISORDERS & PERITONEAL INFECTIONS W/O CC/MCC MS,"$23,151"
374 DIGESTIVE MALIGNANCY W MCC MS,"$54,746"
375 DIGESTIVE MALIGNANCY W CC MS,"$46,178"
376 DIGESTIVE MALIGNANCY W/O CC/MCC MS,"$19,101"
377 G.I. HEMORRHAGE W MCC MS,"$48,330"
378 G.I. HEMORRHAGE W CC MS,"$28,771"
379 G.I. HEMORRHAGE W/O CC/MCC MS,"$20,219"
38 EXTRACRANIAL PROCEDURES W CC MS,"$63,611"
380 COMPLICATED PEPTIC ULCER W MCC MS,"$35,033"
381 COMPLICATED PEPTIC ULCER W CC MS,"$24,957"
382 COMPLICATED PEPTIC ULCER W/O CC/MCC MS,"$25,245"
383 UNCOMPLICATED PEPTIC ULCER W MCC MS,"$57,553"
384 UNCOMPLICATED PEPTIC ULCER W/O MCC MS,"$34,785"
385 INFLAMMATORY BOWEL DISEASE W MCC MS,"$34,543"
386 INFLAMMATORY BOWEL DISEASE W CC MS,"$36,457"
387 INFLAMMATORY BOWEL DISEASE W/O CC/MCC MS,"$20,224"
388 G.I. OBSTRUCTION W MCC MS,"$45,596"
389 G.I. OBSTRUCTION W CC MS,"$29,276"
39 EXTRACRANIAL PROCEDURES W/O CC/MCC MS,"$49,724"
390 G.I. OBSTRUCTION W/O CC/MCC MS,"$23,860"
"391 ESOPHAGITIS, GASTROENT & MISC DIGEST DISORDERS W MCC MS","$40,958"
"392 ESOPHAGITIS, GASTROENT & MISC DIGEST DISORDERS W/O MCC MS","$26,267"
393 OTHER DIGESTIVE SYSTEM DIAGNOSES W MCC MS,"$40,215"
394 OTHER DIGESTIVE SYSTEM DIAGNOSES W CC MS,"$30,232"
395 OTHER DIGESTIVE SYSTEM DIAGNOSES W/O CC/MCC MS,"$24,475"
"4 TRACH W MV >96 HRS OR PDX EXC FACE, MOUTH & NECK W/O MAJ O.R. MS","$434,389"
40 PERIPH/CRANIAL NERVE & OTHER NERV SYST PROC W MCC MS,"$153,455"
"405 PANCREAS, LIVER & SHUNT PROCEDURES W MCC MS","$122,090"
41 PERIPH/CRANIAL NERVE & OTHER NERV SYST PROC W CC OR PERIPH NEUROSTIM MS,"$90,798"
410 BILIARY TRACT PROC EXCEPT ONLY CHOLECYST W OR W/O C.D.E. W/O CC/MCC MS,"$50,234"
412 CHOLECYSTECTOMY W C.D.E. W CC MS,"$92,692"
414 CHOLECYSTECTOMY EXCEPT BY LAPAROSCOPE W/O C.D.E. W MCC MS,"$142,390"
415 CHOLECYSTECTOMY EXCEPT BY LAPAROSCOPE W/O C.D.E. W CC MS,"$71,885"
416 CHOLECYSTECTOMY EXCEPT BY LAPAROSCOPE W/O C.D.E. W/O CC/MCC MS,"$35,145"
417 LAPAROSCOPIC CHOLECYSTECTOMY W/O C.D.E. W MCC MS,"$87,061"
418 LAPAROSCOPIC CHOLECYSTECTOMY W/O C.D.E. W CC MS,"$52,186"
419 LAPAROSCOPIC CHOLECYSTECTOMY W/O C.D.E. W/O CC/MCC MS,"$46,021"
420 HEPATOBILIARY DIAGNOSTIC PROCEDURES W MCC MS,"$127,891"
423 OTHER HEPATOBILIARY OR PANCREAS O.R. PROCEDURES W MCC MS,"$50,361"
424 OTHER HEPATOBILIARY OR PANCREAS O.R. PROCEDURES W CC MS,"$13,884"
432 CIRRHOSIS & ALCOHOLIC HEPATITIS W MCC MS,"$49,835"
433 CIRRHOSIS & ALCOHOLIC HEPATITIS W CC MS,"$30,064"
434 CIRRHOSIS & ALCOHOLIC HEPATITIS W/O CC/MCC MS,"$23,979"
435 MALIGNANCY OF HEPATOBILIARY SYSTEM OR PANCREAS W MCC MS,"$50,329"
436 MALIGNANCY OF HEPATOBILIARY SYSTEM OR PANCREAS W CC MS,"$24,493"
437 MALIGNANCY OF HEPATOBILIARY SYSTEM OR PANCREAS W/O CC/MCC MS,"$31,090"
438 DISORDERS OF PANCREAS EXCEPT MALIGNANCY W MCC MS,"$54,448"
439 DISORDERS OF PANCREAS EXCEPT MALIGNANCY W CC MS,"$26,035"
440 DISORDERS OF PANCREAS EXCEPT MALIGNANCY W/O CC/MCC MS,"$19,647"
"441 DISORDERS OF LIVER EXCEPT MALIG,CIRR,ALC HEPA W MCC MS","$57,241"
"442 DISORDERS OF LIVER EXCEPT MALIG,CIRR,ALC HEPA W CC MS","$29,185"
"443 DISORDERS OF LIVER EXCEPT MALIG,CIRR,ALC HEPA W/O CC/MCC MS","$18,653"
444 DISORDERS OF THE BILIARY TRACT W MCC MS,"$43,578"
445 DISORDERS OF THE BILIARY TRACT W CC MS,"$33,950"
446 DISORDERS OF THE BILIARY TRACT W/O CC/MCC MS,"$22,661"
453 COMBINED ANTERIOR/POSTERIOR SPINAL FUSION W MCC MS,"$170,524"
454 COMBINED ANTERIOR/POSTERIOR SPINAL FUSION W CC MS,"$167,081"
455 COMBINED ANTERIOR/POSTERIOR SPINAL FUSION W/O CC/MCC MS,"$91,695"
456 SPINAL FUS EXC CERV W SPINAL CURV/MALIG/INFEC OR EXT FUS W MCC MS,"$158,724"
457 SPINAL FUS EXC CERV W SPINAL CURV/MALIG/INFEC OR EXT FUS W CC MS,"$191,732"
458 SPINAL FUS EXC CERV W SPINAL CURV/MALIG/INFEC OR EXT FUS W/O CC/MCC MS,"$131,769"
459 SPINAL FUSION EXCEPT CERVICAL W MCC MS,"$264,270"
460 SPINAL FUSION EXCEPT CERVICAL W/O MCC MS,"$94,963"
462 BILATERAL OR MULTIPLE MAJOR JOINT PROCS OF LOWER EXTREMITY W/O MCC MS,"$82,852"
"463 WND DEBRID & SKN GRFT EXC HAND, FOR MUSCULO-CONN TISS DIS W MCC MS","$230,328"
"464 WND DEBRID & SKN GRFT EXC HAND, FOR MUSCULO-CONN TISS DIS W CC MS","$111,732"
"465 WND DEBRID & SKN GRFT EXC HAND, FOR MUSCULO-CONN TISS DIS W/O CC/MCC MS","$81,061"
466 REVISION OF HIP OR KNEE REPLACEMENT W MCC MS,"$120,307"
467 REVISION OF HIP OR KNEE REPLACEMENT W CC MS,"$90,629"
468 REVISION OF HIP OR KNEE REPLACEMENT W/O CC/MCC MS,"$68,876"
469 MAJOR HIP AND KNEE JOINT REPLACEMENT OR REATTACHMENT OF LOWER EXTREMITY W MC,"$74,136"
470 MAJOR HIP AND KNEE JOINT REPLACEMENT OR REATTACHMENT OF LOWER EXTREMITY W/O,"$51,609"
472 CERVICAL SPINAL FUSION W CC MS,"$83,246"
473 CERVICAL SPINAL FUSION W/O CC/MCC MS,"$79,668"
475 AMPUTATION FOR MUSCULOSKELETAL SYS & CONN TISSUE DIS W CC MS,"$44,761"
477 BIOPSIES OF MUSCULOSKELETAL SYSTEM & CONNECTIVE TISSUE W MCC MS,"$87,803"
478 BIOPSIES OF MUSCULOSKELETAL SYSTEM & CONNECTIVE TISSUE W CC MS,"$68,785"
479 BIOPSIES OF MUSCULOSKELETAL SYSTEM & CONNECTIVE TISSUE W/O CC/MCC MS,"$45,434"
480 HIP & FEMUR PROCEDURES EXCEPT MAJOR JOINT W MCC MS,"$91,971"
481 HIP & FEMUR PROCEDURES EXCEPT MAJOR JOINT W CC MS,"$62,002"
482 HIP & FEMUR PROCEDURES EXCEPT MAJOR JOINT W/O CC/MCC MS,"$56,774"
483 MAJOR JOINT/LIMB REATTACHMENT PROCEDURE OF UPPER EXTREMITIES MS,"$60,066"
485 KNEE PROCEDURES W PDX OF INFECTION W MCC MS,"$44,944"
486 KNEE PROCEDURES W PDX OF INFECTION W CC MS,"$61,844"
487 KNEE PROCEDURES W PDX OF INFECTION W/O CC/MCC MS,"$53,161"
488 KNEE PROCEDURES W/O PDX OF INFECTION W CC/MCC MS,"$53,511"
489 KNEE PROCEDURES W/O PDX OF INFECTION W/O CC/MCC MS,"$39,841"
"492 LOWER EXTREM & HUMER PROC EXCEPT HIP,FOOT,FEMUR W MCC MS","$127,303"
"493 LOWER EXTREM & HUMER PROC EXCEPT HIP,FOOT,FEMUR W CC MS","$77,195"
"494 LOWER EXTREM & HUMER PROC EXCEPT HIP,FOOT,FEMUR W/O CC/MCC MS","$57,369"
495 LOCAL EXCISION & REMOVAL INT FIX DEVICES EXC HIP & FEMUR W MCC MS,"$314,809"
496 LOCAL EXCISION & REMOVAL INT FIX DEVICES EXC HIP & FEMUR W CC MS,"$49,190"
497 LOCAL EXCISION & REMOVAL INT FIX DEVICES EXC HIP & FEMUR W/O CC/MCC MS,"$48,987"
500 SOFT TISSUE PROCEDURES W MCC MS,"$160,616"
501 SOFT TISSUE PROCEDURES W CC MS,"$67,719"
502 SOFT TISSUE PROCEDURES W/O CC/MCC MS,"$43,554"
503 FOOT PROCEDURES W MCC MS,"$121,493"
504 FOOT PROCEDURES W CC MS,"$67,176"
505 FOOT PROCEDURES W/O CC/MCC MS,"$49,305"
508 MAJOR SHOULDER OR ELBOW JOINT PROCEDURES W/O CC/MCC MS,"$20,305"
509 ARTHROSCOPY MS,"$47,292"
"510 SHOULDER,ELBOW OR FOREARM PROC,EXC MAJOR JOINT PROC W MCC MS","$70,931"
"511 SHOULDER,ELBOW OR FOREARM PROC,EXC MAJOR JOINT PROC W CC MS","$66,942"
"512 SHOULDER,ELBOW OR FOREARM PROC,EXC MAJOR JOINT PROC W/O CC/MCC MS","$60,973"
"513 HAND OR WRIST PROC, EXCEPT MAJOR THUMB OR JOINT PROC W CC/MCC MS","$28,192"
"514 HAND OR WRIST PROC, EXCEPT MAJOR THUMB OR JOINT PROC W/O CC/MCC MS","$61,063"
515 OTHER MUSCULOSKELET SYS & CONN TISS O.R. PROC W MCC MS,"$134,802"
516 OTHER MUSCULOSKELET SYS & CONN TISS O.R. PROC W CC MS,"$60,498"
517 OTHER MUSCULOSKELET SYS & CONN TISS O.R. PROC W/O CC/MCC MS,"$49,755"
518 BACK & NECK PROC EXC SPINAL FUSION W MCC OR DISC DEVICE/NEUROSTIM MS,"$367,034"
519 BACK & NECK PROC EXC SPINAL FUSION W CC MS,"$66,361"
52 SPINAL DISORDERS & INJURIES W CC/MCC MS,"$43,933"
520 BACK & NECK PROC EXC SPINAL FUSION W/O CC/MCC MS,"$41,881"
53 SPINAL DISORDERS & INJURIES W/O CC/MCC MS,"$18,996"
535 FRACTURES OF HIP & PELVIS W MCC MS,"$57,760"
536 FRACTURES OF HIP & PELVIS W/O MCC MS,"$23,917"
"537 SPRAINS, STRAINS, & DISLOCATIONS OF HIP, PELVIS & THIGH W CC/MCC MS","$24,116"
"538 SPRAINS, STRAINS, & DISLOCATIONS OF HIP, PELVIS & THIGH W/O CC/MCC MS","$25,375"
539 OSTEOMYELITIS W MCC MS,"$50,007"
54 NERVOUS SYSTEM NEOPLASMS W MCC MS,"$34,985"
540 OSTEOMYELITIS W CC MS,"$66,815"
541 OSTEOMYELITIS W/O CC/MCC MS,"$53,643"
542 PATHOLOGICAL FRACTURES & MUSCULOSKELET & CONN TISS MALIG W MCC MS,"$62,664"
543 PATHOLOGICAL FRACTURES & MUSCULOSKELET & CONN TISS MALIG W CC MS,"$37,233"
544 PATHOLOGICAL FRACTURES & MUSCULOSKELET & CONN TISS MALIG W/O CC/MCC MS,"$31,527"
545 CONNECTIVE TISSUE DISORDERS W MCC MS,"$52,931"
546 CONNECTIVE TISSUE DISORDERS W CC MS,"$39,584"
547 CONNECTIVE TISSUE DISORDERS W/O CC/MCC MS,"$31,135"
548 SEPTIC ARTHRITIS W MCC MS,"$33,808"
549 SEPTIC ARTHRITIS W CC MS,"$155,633"
55 NERVOUS SYSTEM NEOPLASMS W/O MCC MS,"$28,077"
550 SEPTIC ARTHRITIS W/O CC/MCC MS,"$29,395"
551 MEDICAL BACK PROBLEMS W MCC MS,"$35,380"
552 MEDICAL BACK PROBLEMS W/O MCC MS,"$29,458"
553 BONE DISEASES & ARTHROPATHIES W MCC MS,"$32,190"
554 BONE DISEASES & ARTHROPATHIES W/O MCC MS,"$9,929"
556 SIGNS & SYMPTOMS OF MUSCULOSKELETAL SYSTEM & CONN TISSUE W/O MCC MS,"$30,333"
"557 TENDONITIS, MYOSITIS & BURSITIS W MCC MS","$18,178"
"558 TENDONITIS, MYOSITIS & BURSITIS W/O MCC MS","$26,800"
"559 AFTERCARE, MUSCULOSKELETAL SYSTEM & CONNECTIVE TISSUE W MCC MS","$56,845"
56 DEGENERATIVE NERVOUS SYSTEM DISORDERS W MCC MS,"$136,125"
"560 AFTERCARE, MUSCULOSKELETAL SYSTEM & CONNECTIVE TISSUE W CC MS","$28,743"
"561 AFTERCARE, MUSCULOSKELETAL SYSTEM & CONNECTIVE TISSUE W/O CC/MCC MS","$16,945"
"562 FX, SPRN, STRN & DISL EXCEPT FEMUR, HIP, PELVIS & THIGH W MCC MS","$37,090"
"563 FX, SPRN, STRN & DISL EXCEPT FEMUR, HIP, PELVIS & THIGH W/O MCC MS","$36,403"
564 OTHER MUSCULOSKELETAL SYS & CONNECTIVE TISSUE DIAGNOSES W MCC MS,"$42,451"
565 OTHER MUSCULOSKELETAL SYS & CONNECTIVE TISSUE DIAGNOSES W CC MS,"$36,178"
566 OTHER MUSCULOSKELETAL SYS & CONNECTIVE TISSUE DIAGNOSES W/O CC/MCC MS,"$17,544"
57 DEGENERATIVE NERVOUS SYSTEM DISORDERS W/O MCC MS,"$33,386"
570 SKIN DEBRIDEMENT W MCC MS,"$39,548"
571 SKIN DEBRIDEMENT W CC MS,"$64,982"
572 SKIN DEBRIDEMENT W/O CC/MCC MS,"$55,689"
576 SKIN GRAFT EXC FOR SKIN ULCER OR CELLULITIS W MCC MS,"$263,443"
577 SKIN GRAFT EXC FOR SKIN ULCER OR CELLULITIS W CC MS,"$36,953"
578 SKIN GRAFT EXC FOR SKIN ULCER OR CELLULITIS W/O CC/MCC MS,"$49,426"
"579 OTHER SKIN, SUBCUT TISS & BREAST PROC W MCC MS","$67,057"
58 MULTIPLE SCLEROSIS & CEREBELLAR ATAXIA W MCC MS,"$226,152"
"580 OTHER SKIN, SUBCUT TISS & BREAST PROC W CC MS","$42,197"
"581 OTHER SKIN, SUBCUT TISS & BREAST PROC W/O CC/MCC MS","$24,288"
"584 BREAST BIOPSY, LOCAL EXCISION & OTHER BREAST PROCEDURES W CC/MCC MS","$58,632"
"585 BREAST BIOPSY, LOCAL EXCISION & OTHER BREAST PROCEDURES W/O CC/MCC MS","$8,054"
59 MULTIPLE SCLEROSIS & CEREBELLAR ATAXIA W CC MS,"$29,667"
592 SKIN ULCERS W MCC MS,"$28,936"
593 SKIN ULCERS W CC MS,"$34,943"
595 MAJOR SKIN DISORDERS W MCC MS,"$38,491"
596 MAJOR SKIN DISORDERS W/O MCC MS,"$16,985"
597 MALIGNANT BREAST DISORDERS W MCC MS,"$49,502"
598 MALIGNANT BREAST DISORDERS W CC MS,"$56,279"
60 MULTIPLE SCLEROSIS & CEREBELLAR ATAXIA W/O CC/MCC MS,"$32,182"
601 NON-MALIGNANT BREAST DISORDERS W/O CC/MCC MS,"$15,173"
602 CELLULITIS W MCC MS,"$25,794"
603 CELLULITIS W/O MCC MS,"$20,439"
"604 TRAUMA TO THE SKIN, SUBCUT TISS & BREAST W MCC MS","$27,498"
"605 TRAUMA TO THE SKIN, SUBCUT TISS & BREAST W/O MCC MS","$30,220"
606 MINOR SKIN DISORDERS W MCC MS,"$27,965"
607 MINOR SKIN DISORDERS W/O MCC MS,"$18,385"
"61 ISCHEMIC STROKE, PRECEREBRAL OCCLUSION OR TRANSIENT ISCHEMIA W THROMBOLYTIC A","$71,669"
614 ADRENAL & PITUITARY PROCEDURES W CC/MCC MS,"$76,453"
615 ADRENAL & PITUITARY PROCEDURES W/O CC/MCC MS,"$60,819"
"616 AMPUTAT OF LOWER LIMB FOR ENDOCRINE,NUTRIT,& METABOL DIS W MCC MS","$60,347"
"617 AMPUTAT OF LOWER LIMB FOR ENDOCRINE,NUTRIT,& METABOL DIS W CC MS","$48,281"
"62 ISCHEMIC STROKE, PRECEREBRAL OCCLUSION OR TRANSIENT ISCHEMIA W THROMBOLYTIC A","$58,121"
"622 SKIN GRAFTS & WOUND DEBRID FOR ENDOC, NUTRIT & METAB DIS W MCC MS","$21,402"
"623 SKIN GRAFTS & WOUND DEBRID FOR ENDOC, NUTRIT & METAB DIS W CC MS","$45,706"
"624 SKIN GRAFTS & WOUND DEBRID FOR ENDOC, NUTRIT & METAB DIS W/O CC/MCC MS","$34,689"
"627 THYROID, PARATHYROID & THYROGLOSSAL PROCEDURES W/O CC/MCC MS","$41,149"
"628 OTHER ENDOCRINE, NUTRIT & METAB O.R. PROC W MCC MS","$62,584"
"629 OTHER ENDOCRINE, NUTRIT & METAB O.R. PROC W CC MS","$84,537"
637 DIABETES W MCC MS,"$31,072"
638 DIABETES W CC MS,"$21,037"
639 DIABETES W/O CC/MCC MS,"$15,865"
64 INTRACRANIAL HEMORRHAGE OR CEREBRAL INFARCTION W MCC MS,"$56,595"
"640 MISC DISORDERS OF NUTRITION,METABOLISM,FLUIDS/ELECTROLYTES W MCC MS","$31,567"
"641 MISC DISORDERS OF NUTRITION,METABOLISM,FLUIDS/ELECTROLYTES W/O MCC MS","$21,678"
642 INBORN AND OTHER DISORDERS OF METABOLISM MS,"$19,204"
643 ENDOCRINE DISORDERS W MCC MS,"$27,920"
644 ENDOCRINE DISORDERS W CC MS,"$21,748"
645 ENDOCRINE DISORDERS W/O CC/MCC MS,"$14,775"
65 INTRACRANIAL HEMORRHAGE OR CEREBRAL INFARCTION W CC OR TPA IN 24 HRS MS,"$37,004"
653 MAJOR BLADDER PROCEDURES W MCC MS,"$297,091"
654 MAJOR BLADDER PROCEDURES W CC MS,"$127,693"
655 MAJOR BLADDER PROCEDURES W/O CC/MCC MS,"$136,167"
656 KIDNEY & URETER PROCEDURES FOR NEOPLASM W MCC MS,"$92,303"
657 KIDNEY & URETER PROCEDURES FOR NEOPLASM W CC MS,"$83,481"
658 KIDNEY & URETER PROCEDURES FOR NEOPLASM W/O CC/MCC MS,"$75,052"
659 KIDNEY & URETER PROCEDURES FOR NON-NEOPLASM W MCC MS,"$66,779"
66 INTRACRANIAL HEMORRHAGE OR CEREBRAL INFARCTION W/O CC/MCC MS,"$28,566"
660 KIDNEY & URETER PROCEDURES FOR NON-NEOPLASM W CC MS,"$40,930"
661 KIDNEY & URETER PROCEDURES FOR NON-NEOPLASM W/O CC/MCC MS,"$45,073"
662 MINOR BLADDER PROCEDURES W MCC MS,"$63,669"
663 MINOR BLADDER PROCEDURES W CC MS,"$66,788"
664 MINOR BLADDER PROCEDURES W/O CC/MCC MS,"$51,292"
666 PROSTATECTOMY W CC MS,"$33,346"
667 PROSTATECTOMY W/O CC/MCC MS,"$133,691"
668 TRANSURETHRAL PROCEDURES W MCC MS,"$75,423"
669 TRANSURETHRAL PROCEDURES W CC MS,"$42,854"
67 NONSPECIFIC CVA & PRECEREBRAL OCCLUSION W/O INFARCT W MCC MS,"$31,635"
670 TRANSURETHRAL PROCEDURES W/O CC/MCC MS,"$23,641"
671 URETHRAL PROCEDURES W CC/MCC MS,"$69,771"
673 OTHER KIDNEY & URINARY TRACT PROCEDURES W MCC MS,"$89,554"
674 OTHER KIDNEY & URINARY TRACT PROCEDURES W CC MS,"$65,259"
68 NONSPECIFIC CVA & PRECEREBRAL OCCLUSION W/O INFARCT W/O MCC MS,"$54,777"
682 RENAL FAILURE W MCC MS,"$41,478"
683 RENAL FAILURE W CC MS,"$22,985"
684 RENAL FAILURE W/O CC/MCC MS,"$16,896"
686 KIDNEY & URINARY TRACT NEOPLASMS W MCC MS,"$64,241"
687 KIDNEY & URINARY TRACT NEOPLASMS W CC MS,"$17,823"
688 KIDNEY & URINARY TRACT NEOPLASMS W/O CC/MCC MS,"$11,123"
689 KIDNEY & URINARY TRACT INFECTIONS W MCC MS,"$25,976"
69 TRANSIENT ISCHEMIA W/O THROMBOLYTIC MS,"$34,022"
690 KIDNEY & URINARY TRACT INFECTIONS W/O MCC MS,"$21,723"
693 URINARY STONES W/O ESW LITHOTRIPSY W MCC MS,"$40,200"
694 URINARY STONES W/O ESW LITHOTRIPSY W/O MCC MS,"$30,263"
695 KIDNEY & URINARY TRACT SIGNS & SYMPTOMS W MCC MS,"$28,665"
696 KIDNEY & URINARY TRACT SIGNS & SYMPTOMS W/O MCC MS,"$18,643"
697 URETHRAL STRICTURE MS,"$23,458"
698 OTHER KIDNEY & URINARY TRACT DIAGNOSES W MCC MS,"$54,596"
699 OTHER KIDNEY & URINARY TRACT DIAGNOSES W CC MS,"$26,898"
70 NONSPECIFIC CEREBROVASCULAR DISORDERS W MCC MS,"$33,564"
700 OTHER KIDNEY & URINARY TRACT DIAGNOSES W/O CC/MCC MS,"$16,693"
707 MAJOR MALE PELVIC PROCEDURES W CC/MCC MS,"$103,531"
708 MAJOR MALE PELVIC PROCEDURES W/O CC/MCC MS,"$76,241"
709 PENIS PROCEDURES W CC/MCC MS,"$48,227"
71 NONSPECIFIC CEREBROVASCULAR DISORDERS W CC MS,"$30,834"
710 PENIS PROCEDURES W/O CC/MCC MS,"$85,671"
713 TRANSURETHRAL PROSTATECTOMY W CC/MCC MS,"$48,142"
714 TRANSURETHRAL PROSTATECTOMY W/O CC/MCC MS,"$30,211"
715 OTHER MALE REPRODUCTIVE SYSTEM O.R. PROC FOR MALIGNANCY W CC/MCC MS,"$37,697"
717 OTHER MALE REPRODUCTIVE SYSTEM O.R. PROC EXC MALIGNANCY W CC/MCC MS,"$79,196"
718 OTHER MALE REPRODUCTIVE SYSTEM O.R. PROC EXC MALIGNANCY W/O CC/MCC MS,"$32,279"
72 NONSPECIFIC CEREBROVASCULAR DISORDERS W/O CC/MCC MS,"$42,975"
"723 MALIGNANCY, MALE REPRODUCTIVE SYSTEM W CC MS","$38,653"
725 BENIGN PROSTATIC HYPERTROPHY W MCC MS,"$23,438"
726 BENIGN PROSTATIC HYPERTROPHY W/O MCC MS,"$13,744"
728 INFLAMMATION OF THE MALE REPRODUCTIVE SYSTEM W/O MCC MS,"$32,487"
729 OTHER MALE REPRODUCTIVE SYSTEM DIAGNOSES W CC/MCC MS,"$22,600"
73 CRANIAL & PERIPHERAL NERVE DISORDERS W MCC MS,"$47,061"
730 OTHER MALE REPRODUCTIVE SYSTEM DIAGNOSES W/O CC/MCC MS,"$31,477"
74 CRANIAL & PERIPHERAL NERVE DISORDERS W/O MCC MS,"$26,167"
742 UTERINE & ADNEXA PROC FOR NON-MALIGNANCY W CC/MCC MS,"$67,674"
743 UTERINE & ADNEXA PROC FOR NON-MALIGNANCY W/O CC/MCC MS,"$40,684"
"744 D&C, CONIZATION, LAPAROSCOPY & TUBAL INTERRUPTION W CC/MCC MS","$30,144"
"745 D&C, CONIZATION, LAPAROSCOPY & TUBAL INTERRUPTION W/O CC/MCC MS","$36,708"
"746 VAGINA, CERVIX & VULVA PROCEDURES W CC/MCC MS","$51,100"
"747 VAGINA, CERVIX & VULVA PROCEDURES W/O CC/MCC MS","$15,905"
748 FEMALE REPRODUCTIVE SYSTEM RECONSTRUCTIVE PROCEDURES MS,"$67,548"
75 VIRAL MENINGITIS W CC/MCC MS,"$35,318"
"755 MALIGNANCY, FEMALE REPRODUCTIVE SYSTEM W CC MS","$38,029"
"757 INFECTIONS, FEMALE REPRODUCTIVE SYSTEM W MCC MS","$23,968"
"758 INFECTIONS, FEMALE REPRODUCTIVE SYSTEM W CC MS","$37,162"
"759 INFECTIONS, FEMALE REPRODUCTIVE SYSTEM W/O CC/MCC MS","$31,612"
76 VIRAL MENINGITIS W/O CC/MCC MS,"$22,631"
760 MENSTRUAL & OTHER FEMALE REPRODUCTIVE SYSTEM DISORDERS W CC/MCC MS,"$29,231"
761 MENSTRUAL & OTHER FEMALE REPRODUCTIVE SYSTEM DISORDERS W/O CC/MCC MS,"$10,100"
768 VAGINAL DELIVERY W O.R. PROC EXCEPT STERIL &/OR D&C MS,"$23,670"
769 POSTPARTUM & POST ABORTION DIAGNOSES W O.R. PROCEDURE MS,"$27,898"
"770 ABORTION W D&C, ASPIRATION CURETTAGE OR HYSTEROTOMY MS","$15,576"
776 POSTPARTUM & POST ABORTION DIAGNOSES W/O O.R. PROCEDURE MS,"$15,847"
779 ABORTION W/O D&C MS,"$10,498"
78 HYPERTENSIVE ENCEPHALOPATHY W CC MS,"$59,952"
784 CESAREAN SECTION W STERILIZATION W CC MS,"$34,873"
785 CESAREAN SECTION W STERILIZATION W/O CC/MCC MS,"$28,317"
786 CESAREAN SECTION W/O STERILIZATION W MCC MS,"$29,108"
787 CESAREAN SECTION W/O STERILIZATION W CC MS,"$27,914"
788 CESAREAN SECTION W/O STERILIZATION W/O CC/MCC MS,"$26,975"
"789 NEONATES, DIED OR TRANSFERRED TO ANOTHER ACUTE CARE FACILITY MS","$13,430"
"790 EXTREME IMMATURITY OR RESPIRATORY DISTRESS SYNDROME, NEONATE MS","$49,906"
791 PREMATURITY W MAJOR PROBLEMS MS,"$44,584"
792 PREMATURITY W/O MAJOR PROBLEMS MS,"$32,989"
793 FULL TERM NEONATE W MAJOR PROBLEMS MS,"$23,938"
794 NEONATE W OTHER SIGNIFICANT PROBLEMS MS,"$9,300"
795 NORMAL NEWBORN MS,"$7,053"
797 VAGINAL DELIVERY W STERILIZATION/D&C W CC MS,"$34,656"
798 VAGINAL DELIVERY W STERILIZATION/D&C WO CC/MCC MS,"$32,414"
800 SPLENECTOMY W CC MS,"$57,359"
802 OTHER O.R. PROC OF THE BLOOD & BLOOD FORMING ORGANS W MCC MS,"$95,541"
804 OTHER O.R. PROC OF THE BLOOD & BLOOD FORMING ORGANS W/O CC/MCC MS,"$42,264"
805 VAGINAL DELIVERY W/O STERILIZATION/D&C W MCC MS,"$22,283"
806 VAGINAL DELIVERY W/O STERILIZATION/D&C W CC MS,"$20,059"
807 VAGINAL DELIVERY W/O STERILIZATION/D&C W/O CC/MCC MS,"$18,214"
808 MAJOR HEMATOL/IMMUN DIAG EXC SICKLE CELL CRISIS & COAGUL W MCC MS,"$71,900"
809 MAJOR HEMATOL/IMMUN DIAG EXC SICKLE CELL CRISIS & COAGUL W CC MS,"$37,902"
81 NONTRAUMATIC STUPOR & COMA W/O MCC MS,"$78,935"
810 MAJOR HEMATOL/IMMUN DIAG EXC SICKLE CELL CRISIS & COAGUL W/O CC/MCC MS,"$20,379"
811 RED BLOOD CELL DISORDERS W MCC MS,"$41,752"
812 RED BLOOD CELL DISORDERS W/O MCC MS,"$32,142"
813 COAGULATION DISORDERS MS,"$42,798"
814 RETICULOENDOTHELIAL & IMMUNITY DISORDERS W MCC MS,"$48,256"
815 RETICULOENDOTHELIAL & IMMUNITY DISORDERS W CC MS,"$37,543"
816 RETICULOENDOTHELIAL & IMMUNITY DISORDERS W/O CC/MCC MS,"$19,647"
818 OTHER ANTEPARTUM DIAGNOSES W O.R. PROCEDURE W CC MS,"$56,256"
819 OTHER ANTEPARTUM DIAGNOSES W O.R. PROCEDURE W/O CC/MCC MS,"$32,088"
"82 TRAUMATIC STUPOR & COMA, COMA >1 HR W MCC MS","$185,465"
823 LYMPHOMA & NON-ACUTE LEUKEMIA W OTHER PROC W MCC MS,"$121,523"
824 LYMPHOMA & NON-ACUTE LEUKEMIA W OTHER PROC W CC MS,"$56,519"
827 MYELOPROLIF DISORD OR POORLY DIFF NEOPL W MAJ O.R. PROC W CC MS,"$65,639"
829 MYELOPROLIFERATIVE DISORDERS OR POORLY DIFFERENTIATED NEOPLASMS W OTHER PROC,"$45,711"
"83 TRAUMATIC STUPOR & COMA, COMA >1 HR W CC MS","$40,160"
832 OTHER ANTEPARTUM DIAGNOSES W/O O.R. PROCEDURE W CC MS,"$12,984"
833 OTHER ANTEPARTUM DIAGNOSES W/O O.R. PROCEDURE W/O CC/MCC MS,"$9,702"
834 ACUTE LEUKEMIA W/O MAJOR O.R. PROCEDURE W MCC MS,"$93,132"
835 ACUTE LEUKEMIA W/O MAJOR O.R. PROCEDURE W CC MS,"$14,576"
836 ACUTE LEUKEMIA W/O MAJOR O.R. PROCEDURE W/O CC/MCC MS,"$7,366"
838 CHEMO W ACUTE LEUKEMIA AS SDX W CC OR HIGH DOSE CHEMO AGENT MS,"$27,152"
"84 TRAUMATIC STUPOR & COMA, COMA >1 HR W/O CC/MCC MS","$34,048"
840 LYMPHOMA & NON-ACUTE LEUKEMIA W MCC MS,"$54,959"
841 LYMPHOMA & NON-ACUTE LEUKEMIA W CC MS,"$35,083"
842 LYMPHOMA & NON-ACUTE LEUKEMIA W/O CC/MCC MS,"$19,264"
843 OTHER MYELOPROLIF DIS OR POORLY DIFF NEOPL DIAG W MCC MS,"$50,698"
844 OTHER MYELOPROLIF DIS OR POORLY DIFF NEOPL DIAG W CC MS,"$32,685"
845 OTHER MYELOPROLIF DIS OR POORLY DIFF NEOPL DIAG W/O CC/MCC MS,"$22,202"
"85 TRAUMATIC STUPOR & COMA, COMA <1 HR W MCC MS","$75,433"
853 INFECTIOUS & PARASITIC DISEASES W O.R. PROCEDURE W MCC MS,"$142,180"
854 INFECTIOUS & PARASITIC DISEASES W O.R. PROCEDURE W CC MS,"$71,688"
856 POSTOPERATIVE OR POST-TRAUMATIC INFECTIONS W O.R. PROC W MCC MS,"$165,185"
857 POSTOPERATIVE OR POST-TRAUMATIC INFECTIONS W O.R. PROC W CC MS,"$50,290"
858 POSTOPERATIVE OR POST-TRAUMATIC INFECTIONS W O.R. PROC W/O CC/MCC MS,"$41,069"
"86 TRAUMATIC STUPOR & COMA, COMA <1 HR W CC MS","$36,450"
862 POSTOPERATIVE & POST-TRAUMATIC INFECTIONS W MCC MS,"$58,309"
863 POSTOPERATIVE & POST-TRAUMATIC INFECTIONS W/O MCC MS,"$26,233"
864 FEVER AND INFLAMMATORY CONDITIONS MS,"$23,829"
866 VIRAL ILLNESS W/O MCC MS,"$22,131"
867 OTHER INFECTIOUS & PARASITIC DISEASES DIAGNOSES W MCC MS,"$42,522"
868 OTHER INFECTIOUS & PARASITIC DISEASES DIAGNOSES W CC MS,"$32,461"
869 OTHER INFECTIOUS & PARASITIC DISEASES DIAGNOSES W/O CC/MCC MS,"$32,009"
"87 TRAUMATIC STUPOR & COMA, COMA <1 HR W/O CC/MCC MS","$29,122"
870 SEPTICEMIA OR SEVERE SEPSIS W MV >96 HOURS OR PERIPHERAL EXTRACORPOREAL MEMB,"$218,073"
871 SEPTICEMIA OR SEVERE SEPSIS W/O MV >96 HOURS W MCC MS,"$45,731"
872 SEPTICEMIA OR SEVERE SEPSIS W/O MV >96 HOURS W/O MCC MS,"$27,894"
88 CONCUSSION W MCC MS,"$52,828"
880 ACUTE ADJUSTMENT REACTION & PSYCHOSOCIAL DYSFUNCTION MS,"$26,701"
881 DEPRESSIVE NEUROSES MS,"$34,328"
882 NEUROSES EXCEPT DEPRESSIVE MS,"$30,428"
883 DISORDERS OF PERSONALITY & IMPULSE CONTROL MS,"$30,666"
884 ORGANIC DISTURBANCES & INTELLECTUAL DISABILITY MS,"$35,430"
885 PSYCHOSES MS,"$50,423"
887 OTHER MENTAL DISORDER DIAGNOSES MS,"$26,188"
89 CONCUSSION W CC MS,"$36,122"
"894 ALCOHOL/DRUG ABUSE OR DEPENDENCE, LEFT AMA MS","$21,716"
896 ALCOHOL/DRUG ABUSE OR DEPENDENCE W/O REHABILITATION THERAPY W MCC MS,"$52,578"
897 ALCOHOL/DRUG ABUSE OR DEPENDENCE W/O REHABILITATION THERAPY W/O MCC MS,"$27,297"
90 CONCUSSION W/O CC/MCC MS,"$29,101"
902 WOUND DEBRIDEMENTS FOR INJURIES W CC MS,"$57,521"
907 OTHER O.R. PROCEDURES FOR INJURIES W MCC MS,"$43,577"
908 OTHER O.R. PROCEDURES FOR INJURIES W CC MS,"$60,265"
909 OTHER O.R. PROCEDURES FOR INJURIES W/O CC/MCC MS,"$35,305"
91 OTHER DISORDERS OF NERVOUS SYSTEM W MCC MS,"$42,099"
914 TRAUMATIC INJURY W/O MCC MS,"$43,218"
915 ALLERGIC REACTIONS W MCC MS,"$41,665"
916 ALLERGIC REACTIONS W/O MCC MS,"$14,381"
917 POISONING & TOXIC EFFECTS OF DRUGS W MCC MS,"$45,817"
918 POISONING & TOXIC EFFECTS OF DRUGS W/O MCC MS,"$22,141"
919 COMPLICATIONS OF TREATMENT W MCC MS,"$36,768"
92 OTHER DISORDERS OF NERVOUS SYSTEM W CC MS,"$41,790"
920 COMPLICATIONS OF TREATMENT W CC MS,"$24,248"
921 COMPLICATIONS OF TREATMENT W/O CC/MCC MS,"$24,168"
"922 OTHER INJURY, POISONING & TOXIC EFFECT DIAG W MCC MS","$89,069"
"923 OTHER INJURY, POISONING & TOXIC EFFECT DIAG W/O MCC MS","$12,934"
93 OTHER DISORDERS OF NERVOUS SYSTEM W/O CC/MCC MS,"$37,795"
935 NON-EXTENSIVE BURNS MS,"$15,257"
939 O.R. PROC W DIAGNOSES OF OTHER CONTACT W HEALTH SERVICES W MCC MS,"$46,759"
94 BACTERIAL & TUBERCULOUS INFECTIONS OF NERVOUS SYSTEM W MCC MS,"$71,364"
940 O.R. PROC W DIAGNOSES OF OTHER CONTACT W HEALTH SERVICES W CC MS,"$56,641"
941 O.R. PROC W DIAGNOSES OF OTHER CONTACT W HEALTH SERVICES W/O CC/MCC MS,"$61,382"
947 SIGNS & SYMPTOMS W MCC MS,"$38,796"
948 SIGNS & SYMPTOMS W/O MCC MS,"$29,907"
949 AFTERCARE W CC/MCC MS,"$23,365"
95 BACTERIAL & TUBERCULOUS INFECTIONS OF NERVOUS SYSTEM W CC MS,"$60,622"
950 AFTERCARE W/O CC/MCC MS,"$14,899"
951 OTHER FACTORS INFLUENCING HEALTH STATUS MS,"$5,170"
955 CRANIOTOMY FOR MULTIPLE SIGNIFICANT TRAUMA MS,"$139,004"
"956 LIMB REATTACHMENT, HIP & FEMUR PROC FOR MULTIPLE SIGNIFICANT TRAUMA MS","$230,419"
957 OTHER O.R. PROCEDURES FOR MULTIPLE SIGNIFICANT TRAUMA W MCC MS,"$216,885"
958 OTHER O.R. PROCEDURES FOR MULTIPLE SIGNIFICANT TRAUMA W CC MS,"$105,657"
959 OTHER O.R. PROCEDURES FOR MULTIPLE SIGNIFICANT TRAUMA W/O CC/MCC MS,"$141,956"
96 BACTERIAL & TUBERCULOUS INFECTIONS OF NERVOUS SYSTEM W/O CC/MCC MS,"$105,635"
963 OTHER MULTIPLE SIGNIFICANT TRAUMA W MCC MS,"$73,100"
964 OTHER MULTIPLE SIGNIFICANT TRAUMA W CC MS,"$51,989"
965 OTHER MULTIPLE SIGNIFICANT TRAUMA W/O CC/MCC MS,"$55,159"
97 NON-BACTERIAL INFECT OF NERVOUS SYS EXC VIRAL MENINGITIS W MCC MS,"$112,069"
974 HIV W MAJOR RELATED CONDITION W MCC MS,"$181,822"
975 HIV W MAJOR RELATED CONDITION W CC MS,"$94,806"
98 NON-BACTERIAL INFECT OF NERVOUS SYS EXC VIRAL MENINGITIS W CC MS,"$64,353"
981 EXTENSIVE O.R. PROCEDURE UNRELATED TO PRINCIPAL DIAGNOSIS W MCC MS,"$133,219"
982 EXTENSIVE O.R. PROCEDURE UNRELATED TO PRINCIPAL DIAGNOSIS W CC MS,"$62,293"
983 EXTENSIVE O.R. PROCEDURE UNRELATED TO PRINCIPAL DIAGNOSIS W/O CC/MCC MS,"$45,256"
987 NON-EXTENSIVE O.R. PROC UNRELATED TO PRINCIPAL DIAGNOSIS W MCC MS,"$89,760"
988 NON-EXTENSIVE O.R. PROC UNRELATED TO PRINCIPAL DIAGNOSIS W CC MS,"$45,935"
989 NON-EXTENSIVE O.R. PROC UNRELATED TO PRINCIPAL DIAGNOSIS W/O CC/MCC MS,"$58,743"
99 NON-BACTERIAL INFECT OF NERVOUS SYS EXC VIRAL MENINGITIS W/O CC/MCC MS,"$36,640"